458.7054,38.16021;
454.7622,76.19167;
409.3194,231.8971;
216.4232,461.9238;
186.4049,481.4575;
154.8143,499.33;
121.7093,515.4111;
87.16769,529.5631;
51.27801,541.6474;
14.14317,551.5239;
-24.11727,559.0527;
-63.36784,564.0958;
-103.4496,566.518;
-144.1907,566.1915;
-186.0746,562.9194;
-226.8493,556.8246;
-268.9089,547.4279;
-310.093,535.008;
-350.6706,519.4329;
-390.5095,500.6176;
-428.9838,478.7458;
-466.4728,453.4291;
-502.0164,425.1319;
-535.5992,393.7314;
-566.8008,359.4426;
-595.3079,322.4494;
-620.8291,282.9661;
-643.0869,241.2554;
-661.8352,197.6103;
-676.8613,152.356;
-687.9905,105.8457;
-695.0916,58.45433;
-698.0796,10.57154;
-696.9182,-37.39474;
-691.622,-85.04964;
-682.2544,-131.9943;
-668.9256,-177.8495;
-651.7932,-222.2455;
-631.0518,-264.8491;
-606.9379,-305.3447;
-579.6301,-343.5683;
-549.6602,-378.9684;
-517.0864,-411.6624;
-482.3082,-441.3852;
-445.6479,-468.0168;
-407.4308,-491.4737;
-367.966,-511.7146;
-327.5678,-528.7226;
-286.5265,-542.5164;
-245.136,-553.1352;
-203.639,-560.6504;
-162.3014,-565.1439;
-120.5576,-566.7227;
-80.93513,-565.4937;
-41.28801,-561.5878;
-2.585709,-555.1392;
35.30452,-546.2141;
71.61813,-535.1154;
106.6675,-521.8903;
140.4109,-506.644;
173.4132,-489.1234;
203.394,-470.7272;
232.5062,-450.3225;
259.9638,-428.4592;
285.7291,-405.2592;
309.9697,-380.6264;
332.192,-355.1632;
352.6618,-328.7033;
371.3674,-301.3446;
388.3383,-273.1115;
403.5131,-244.1732;
416.8883,-214.6179;
428.5884,-184.1691;
438.2307,-153.9942;
446.233,-122.9246;
452.3752,-91.77943;
456.7121,-60.48383;
459.2645,-28.93266;
460.0132,2.68541;
458.9582,34.29728;
456.0275,66.42996;
451.437,97.20864;
444.8704,128.7794;
436.6989,159.2077;
426.537,189.9108;
414.744,219.6766;
401.0141,249.2311;
385.5824,277.959;
368.3087,306.0604;
349.2298,333.3701;
328.4014,359.7272;
305.8136,385.0656;
280.9363,409.7917;
254.8653,432.7287;
227.6778,453.8939;
197.799,474.3521;
167.3043,492.5733;
134.7809,509.3684;
100.6093,524.3604;
65.25922,537.2452;
28.75199,547.9474;
-9.087272,556.4079;
-47.96862,562.4354;
-87.74634,565.8943;
-128.9461,566.6422;
-169.3044,564.5891;
-211.2151,559.5059;
-252.1803,551.5525;
-293.5334,540.3977;
-334.4816,526.0616;
-374.7417,508.5053;
-414.0162,487.7168;
-451.9943,463.7147;
-488.357,436.5518;
-522.7811,406.3171;
-555.4766,372.542;
-584.5426,337.1684;
-611.2612,298.626;
-634.8196,257.7528;
-654.9633,214.8226;
-671.462,170.1556;
-684.1746,123.8858;
-692.8107,76.99667;
-697.4096,29.22901;
-697.8643,-18.72002;
-694.1739,-66.548;
-686.1039,-115.1336;
-674.5798,-160.1402;
-658.513,-206.1385;
-639.5477,-248.4843;
-616.7189,-289.834;
-590.0397,-329.7766;
-561.6833,-365.4621;
-529.7951,-399.5281;
-494.8196,-431.238;
-460.1341,-458.0145;
-422.4838,-482.7166;
-383.4679,-504.2138;
-343.0867,-522.6085;
-302.5755,-537.522;
-261.2879,-549.3712;
-219.8038,-558.0864;
-178.3058,-563.7529;
-137.2204,-566.4464;
-96.59194,-566.2971;
-56.63845,-563.4204;
-17.54657,-557.9458;
20.53365,-550.008;
58.09166,-539.5498;
93.1328,-527.3011;
127.4348,-512.8124;
160.2877,-496.4174;
191.6148,-478.254;
221.3588,-458.4523;
249.4644,-437.1437;
275.8948,-414.4488;
300.6571,-390.4442;
323.5961,-365.3768;
344.8278,-339.2135;
364.2729,-312.1298;
381.9405,-284.1988;
397.8153,-255.525;
411.899,-226.1835;
424.1674,-196.3092;
434.7477,-165.5921;
443.3076,-135.1666;
450.1706,-104.0767;
455.2485,-72.5978;
458.4847,-41.23513;
459.9359,-9.635736;
459.5836,21.98723;
457.3889,53.95815;
453.468,85.00687;
447.7041,116.2559;
440.1305,147.2506;
430.6742,178.1181;
419.5863,208.0482;
406.6058,237.7303;
391.8083,266.8442;
375.2504,295.2056;
356.7504,323.0099;
336.7389,349.558;
314.8253,375.3178;
291.1609,399.9938;
265.7719,423.4716;
238.0896,446.0947;
209.3605,466.7596;
179.1044,485.8211;
147.6293,503.0412;
113.8627,518.8531;
79.18079,532.4765;
43.17844,544.0239;
5.783885,553.3939;
-32.70757,560.3855;
-72.15501,564.8609;
-112.945,566.6927;
-153.2613,565.7365;
-194.5397,561.8926;
-236.241,555.0049;
-277.4578,545.1182;
-318.6504,532.008;
-359.1593,515.7285;
-398.8537,496.1987;
-437.3748,473.4439;
-474.4038,447.5046;
-509.6233,418.4521;
-543.1127,385.9741;
-573.3408,351.496;
-601.213,313.9327;
-626.0472,273.9139;
-648.0385,230.6744;
-665.8425,186.731;
-679.6834,142.0902;
-689.9114,95.42839;
-696.17,47.18063;
-698.1803,-0.02843678;
-696.1028,-47.96203;
-689.8983,-95.50396;
-679.618,-142.3372;
-665.4612,-187.7969;
-647.5035,-231.8461;
-626.0049,-273.9888;
-601.1827,-313.9771;
-573.2947,-351.5531;
-542.67,-386.4393;
-508.7465,-419.2342;
-474.362,-447.5365;
-437.3232,-473.4771;
-398.8094,-496.2226;
-358.6072,-515.9742;
-318.11,-532.2018;
-277.3383,-545.1515;
-235.7796,-555.098;
-194.4918,-561.8987;
-153.2166,-565.7391;
-112.2574,-566.6852;
-72.1039,-564.8568;
-32.66461,-560.3791;
5.825182,-553.385;
43.93345,-543.8077;
79.39045,-532.4017;
114.2367,-518.6922;
147.9613,-502.8724;
179.5941,-485.5329;
210.2116,-466.185;
238.9601,-445.4258;
266.049,-423.2302;
291.1879,-399.9673;
314.8504,-375.2901;
336.7778,-349.5094;
357.4809,-321.977;
375.2687,-295.1763;
391.8943,-266.6865;
406.6211,-237.6979;
419.6043,-208.0036;
430.8015,-177.7411;
440.1449,-147.1983;
447.7111,-116.2234;
453.4733,-84.97276;
457.4311,-53.52466;
459.585,-21.95241;
459.9348,9.703912;
458.482,41.27122;
455.2253,72.77369;
450.1631,104.1154;
443.2984,135.2033;
434.6286,165.9728;
424.1547,196.3428;
411.6845,226.6652;
397.7979,255.5585;
381.9203,284.2327;
364.2512,312.162;
344.7967,339.2543;
323.5709,365.4062;
300.5812,390.5223;
275.8652,414.4758;
249.4325,437.1695;
221.3241,458.477;
191.5773,478.2773;
160.2452,496.4403;
127.3945,512.8309;
93.09035,527.3174;
57.41959,539.7607;
20.47461,550.0224;
-17.59446,557.9541;
-56.68695,563.4255;
-96.64252,566.299;
-137.2865,566.4443;
-178.4287,563.7405;
-220.3284,557.9954;
-261.3404,549.3582;
-302.627,537.5051;
-343.4487,522.4597;
-383.5757,504.1596;
-422.5677,482.6662;
-460.1906,457.9743;
-496.1422,430.131;
-530.0966,399.2311;
-561.7218,365.4175;
-590.7636,328.7842;
-616.7493,289.7841;
-639.5739,248.4318;
-659.1707,204.4826;
-674.5965,160.0847;
-686.3939,113.757;
-694.1812,66.48829;
-697.8663,18.66119;
-697.4048,-29.31969;
-692.6476,-78.15197;
-684.1141,-124.1494;
-671.1907,-170.9969;
-654.9398,-214.8788;
-634.7922,-257.8054;
-611.2303,-298.6747;
-584.3166,-337.467;
-554.9104,-373.1763;
-522.7364,-406.3595;
-488.3086,-436.591;
-450.9561,-464.4268;
-413.9671,-487.7451;
-374.5708,-508.5876;
-334.4306,-526.0816;
-293.4823,-540.4135;
-252.1294,-551.5643;
-209.7207,-559.7395;
-169.2521,-564.5936;
-128.2019,-566.6542;
-87.69875,-565.8918;
-47.37125,-562.3628;
-9.040463,-556.399;
28.79718,-547.9357;
65.81723,-537.0615;
100.8331,-524.2706;
134.9872,-509.2699;
167.3884,-492.5265;
198.3256,-474.0148;
227.7121,-453.8689;
255.9539,-431.8255;
281.5057,-409.2588;
305.8426,-385.035;
328.6351,-359.4486;
349.2719,-333.3136;
368.3309,-306.0266;
385.622,-277.8901;
401.0806,-249.0981;
414.7595,-219.6405;
426.6507,-189.5978;
436.7102,-159.1699;
444.9796,-128.3207;
451.444,-97.16941;
456.1045,-65.7888;
458.9607,-34.25701;
460.0133,-2.645086;
459.2624,28.97207;
456.7077,60.52398;
452.3492,91.93446;
446.1866,123.1291;
438.2196,154.0328;
428.4174,184.6554;
416.8727,214.6551;
403.4944,244.2115;
388.3179,273.1479;
371.3451,301.3794;
352.5865,328.8068;
331.8392,355.592;
309.7458,380.8679;
285.6975,405.2894;
259.9283,428.4893;
231.7781,450.866;
203.3568,470.7515;
172.6365,489.5674;
139.8492,506.9192;
106.6173,521.911;
71.14686,535.276;
35.01561,546.2922;
-2.792088,555.1806;
-41.34914,561.5959;
-80.98647,565.497;
-121.3846,566.72;
-162.3556,565.1399;
-203.6993,560.6417;
-245.9191,552.9637;
-286.5836,542.4995;
-328.0848,528.5271;
-368.0172,511.6907;
-407.4783,491.447;
-445.6981,467.9832;
-482.3549,441.3482;
-517.1291,411.6229;
-549.6985,378.9267;
-579.7484,343.4163;
-606.9711,305.2939;
-631.0826,264.7919;
-651.8167,222.1915;
-668.9453,177.7914;
-682.2683,131.9375;
-691.6315,84.98875;
-696.9324,37.18493;
-698.0776,-10.67267;
-695.0854,-58.51267;
-687.7556,-107.0481;
-676.8446,-152.4142;
-661.813,-197.6688;
-642.6793,-242.1014;
-620.7953,-283.0236;
-595.2744,-322.4969;
-566.2962,-360.0437;
-535.559,-393.7722;
-501.6345,-425.4611;
-466.3229,-453.5391;
-428.7569,-478.8863;
-390.1273,-500.816;
-350.2068,-519.6307;
-309.4986,-535.2109;
-267.1912,-547.8754;
-226.8004,-556.8336;
-185.341,-563.0025;
-144.1401,-566.1936;
-102.6652,-566.4968;
-63.31882,-564.0911;
-24.06144,-559.0436;
14.60517,-551.4168;
51.32389,-541.6335;
87.21163,-529.5468;
121.9158,-515.3187;
154.8873,-499.2916;
186.45,-481.4302;
217.2331,-461.3594;
244.8435,-440.8358;
271.5595,-418.3655;
296.5711,-394.6083;
320.3376,-369.1247;
341.3669,-343.6999;
361.3879,-316.367;
379.0871,-288.9627;
395.2652,-260.4065;
410.3704,-229.5899;
422.2249,-201.3823;
433.0003,-171.0887;
442.1353,-139.7549;
449.1399,-109.3376;
454.5033,-78.03674;
458.0624,-46.55484;
459.8297,-14.51508;
459.7694,16.65925;
457.8913,48.54348;
454.2618,79.71826;
448.7882,111.0739;
441.5377,142.0334;
432.4692,172.7215;
421.5963,202.9932;
408.9207,232.7652;
394.4443,261.9535;
378.1716,290.469;
359.8596,318.5786;
340.259,345.1167;
318.5124,371.1954;
295.2169,395.9698;
270.1717,419.6024;
243.3661,441.9999;
214.8933,462.9844;
184.7934,482.4333;
152.4041,500.5889;
119.9413,516.1986;
84.65479,530.4939;
49.36679,542.2195;
12.17138,551.9765;
-26.14715,559.3793;
-65.55708,564.2987;
-105.6207,566.5714;
-146.3358,566.0965;
-187.7461,562.7264;
-229.0196,556.4181;
-270.4802,547.0137;
-311.8299,534.4111;
-352.3695,518.7042;
-392.7276,499.4598;
-430.9706,477.5084;
-468.6614,451.8153;
-503.8222,423.5675;
-537.4313,391.8667;
-568.3582,357.5765;
-596.7166,320.4478;
-622.0719,280.8451;
-644.1537,239.0236;
-663.1038,194.241;
-677.7941,149.0468;
-688.462,103.3894;
-695.4089,55.37738;
-698.1216,8.067783;
-696.7075,-40.39397;
-691.2331,-87.5205;
-681.5735,-134.7461;
-665.4976,-187.6955;
-647.5468,-231.7515;
-476.8429,-445.6396;
-439.8701,-471.8282;
-401.4251,-494.8018;
-361.869,-514.5121;
-321.3549,-531.0289;
-280.2456,-544.3351;
-238.043,-554.6376;
-197.3372,-561.526;
-155.5778,-565.5978;
-114.732,-566.7085;
-74.60208,-565.0505;
-35.341,-560.7681;
3.218021,-553.9424;
40.69122,-544.7285;
76.95988,-533.2635;
111.8923,-519.6961;
145.4176,-504.1583;
178.0457,-486.4419;
207.9292,-467.7211;
236.7917,-447.087;
264.2463,-424.7946;
289.5016,-401.617;
313.3437,-376.9519;
335.3585,-351.2751;
376.8279,-292.6606;
360.3081,317.9319;
340.3238,345.0341;
318.6427,371.0483;
295.5293,395.6566;
270.4457,419.3589;
243.6579,441.7706;
215.2009,462.7717;
184.3172,482.7202;
153.4615,500.0384;
120.2974,516.0405;
85.69569,530.1099;
49.10751,542.2966;
9.465209,552.5861;
-25.73928,559.3143;
-65.04929,564.2524;
-105.1484,566.5605;
-146.7015,566.0795;
-187.1278,562.7984;
-229.203,556.3834;
-270.0524,547.1269;
-311.2628,534.6066;
-351.9481,518.8855;
-392.0283,499.8262;
-430.5769,477.7545;
-467.8977,452.3802;
-504.3314,423.124;
-536.9536,392.3546;
-568.0487,357.9487;
-596.8727,320.2247;
-621.826,281.2664;
-644.1748,238.9792;
-662.5381,195.7514;
-677.405,150.4365;
-688.3685,103.8811;
-695.2991,56.46135;
-698.1324,7.291048;
-696.7797,-39.39193;
-691.3122,-87.02327;
-681.5616,-134.7941;
-668.2863,-179.7315;
-650.7589,-224.6051;
-629.9285,-266.9182;
-605.8513,-307.0011;
-578.5133,-344.9973;
-548.3495,-380.3897;
-515.0922,-413.5002;
-480.8153,-442.5577;
-443.5792,-469.3928;
-405.3943,-492.6126;
-366.2964,-512.4891;
-325.8679,-529.3615;
-284.6479,-543.0682;
-243.2769,-553.5378;
-201.9182,-560.8963;
-160.586,-565.267;
-119.6346,-566.7242;
-79.24432,-565.3821;
-39.62539,-561.3649;
-0.9915016,-554.8165;
36.60833,-545.8595;
73.00865,-534.6388;
108.0978,-521.2955;
141.7853,-505.9676;
173.9887,-488.7933;
204.6403,-469.9072;
233.6835,-449.4399;
261.0719,-427.5179;
286.7678,-404.2631;
310.7395,-379.7937;
332.9661,-354.2191;
353.4281,-327.6476;
372.1116,-300.1814;
389.006,-271.92;
404.2763,-242.6027;
417.4061,-213.3752;
429.0247,-182.9219;
438.599,-152.7119;
446.5591,-121.4795;
452.5735,-90.58876;
456.8656,-59.0676;
459.3319,-27.61179;
460.0052,4.007486;
458.8234,36.40775;
455.9414,67.13987;
451.2037,98.51138;
444.6616,129.6521;
436.315,160.4857;
426.037,191.2812;
414.1003,221.1687;
400.4537,250.3478;
384.8976,279.1463;
367.5427,307.2256;
348.4148,334.464;
327.5046,360.7929;
304.8338,386.0984;
279.987,410.6772;
254.2944,433.2005;
226.4846,454.7646;
196.7187,475.0417;
165.9809,493.308;
133.3949,510.0276;
99.30537,524.8818;
62.90412,538.0137;
27.19684,548.3469;
-10.68522,556.7081;
-49.60775,562.6316;
-89.88387,566.0038;
-129.9536,566.6246;
-171.2939,564.4162;
-212.4154,559.3153;
-253.9259,551.1462;
-300.8391,538.0867;
-342.0916,523.0158;
-381.7968,505.0496;
-420.864,483.6881;
-458.757,458.9936;
-494.6547,431.3757;
-528.6697,400.6331;
-560.4025,366.9425;
-589.5071,330.5038;
-615.6844,291.5285;
-638.976,249.6279;
-658.1665,207.0048;
-673.9975,162.062;
-685.9651,115.7863;
-693.9284,68.54923;
-697.7924,20.7393;
-697.5107,-27.24447;
-693.0872,-74.99729;
-684.5743,-122.1265;
-672.0246,-168.3966;
-655.7328,-212.975;
-635.7388,-255.9838;
-612.3166,-296.9538;
-585.7223,-335.603;
-556.2482,-371.6746;
-523.4129,-405.7149;
-489.8475,-435.3401;
-453.5594,-462.6349;
-415.6428,-486.7712;
-375.9861,-507.9044;
-336.1912,-525.3881;
-295.0188,-539.9363;
-253.9234,-551.1468;
-212.4314,-559.3127;
-171.0373,-564.4389;
-129.9694,-566.6243;
-88.61683,-565.9398;
-49.6251,-562.6336;
-10.70214,-556.7113;
27.1804,-548.3511;
64.21434,-537.5875;
99.33057,-524.8718;
133.3895,-510.0303;
165.981,-493.3079;
197.0194,-474.8501;
226.4736,-454.7726;
254.833,-432.7554;
280.4137,-410.2798;
304.83,-386.1024;
327.7355,-360.519;
348.5826,-334.2393;
367.5427,-307.2256;
384.8922,-279.1556;
400.4481,-250.359;
414.2451,-220.8339;
426.1604,-190.9439;
436.3125,-160.4941;
444.6591,-129.6623;
451.2021,-98.51995;
456.0124,-66.55494;
458.8747,-35.61915;
460.0078,-3.630093;
459.332,27.61014;
456.8307,59.39278;
452.575,90.58018;
446.4879,121.7968;
438.5965,152.7206;
428.9089,183.2537;
417.4122,213.3604;
404.1118,242.9424;
389.0131,271.9074;
372.1175,300.1722;
353.4356,327.6371;
332.9743,354.209;
310.7484,379.7841;
286.4781,404.5414;
261.0821,427.5092;
233.6944,449.4317;
204.5524,469.9652;
173.9834,488.7964;
141.7998,505.9604;
108.111,521.29;
73.02042,534.6348;
35.93223,546.0438;
-0.9768134,554.8135;
-39.6516,561.3684;
-79.6308,565.408;
-119.6189,566.7242;
-160.5702,565.2681;
-201.9137,560.8969;
-243.4267,553.5056;
-284.7969,543.0248;
-326.7099,529.0458;
-366.2854,512.4941;
-405.7943,492.3897;
-444.0733,469.0652;
-480.8036,442.567;
-515.6669,412.9724;
-548.6254,380.0913;
-578.5038,345.0094;
-605.9288,306.8834;
-630.1094,266.5865;
-651.5018,222.9134;
-668.2812,179.7464;
-681.7729,133.9469;
-691.3098,87.03887;
-696.7787,39.40504;
-698.1143,-8.558822;
-695.3002,-56.45092;
-688.3704,-103.8708;
-677.4086,-150.4239;
-662.5427,-195.7392;
-643.8762,-239.6066;
-621.8193,-281.2778;
-596.4426,-320.8385;
-568.0536,-357.9429;
-536.9589,-392.3491;
-503.4685,-423.875;
-467.9037,-452.3759;
-430.5831,-477.7506;
-391.8294,-499.9301;
-351.957,-518.8817;
-311.2558,-534.609;
-270.0569,-547.1257;
-228.5673,-556.5035;
-187.1345,-562.7975;
-145.9137,-566.1158;
-105.1505,-566.5605;
-65.03593,-564.2512;
-25.07372,-559.2076;
12.55573,-551.8889;
49.74114,-542.108;
85.68604,-530.1135;
120.2863,-516.0455;
153.4527,-500.043;
185.1077,-482.2435;
215.1913,-462.7784;
243.6488,-441.7777;
270.4358,-419.3677;
295.5213,-395.6646;
318.8723,-370.7887;
340.4711,-344.8463;
360.2998,-317.944;
378.3805,-290.1263;
394.6007,-261.6597;
409.0591,-232.4642;
421.7167,-202.6859;
432.5706,-172.4112;
441.9826,-140.3408;
449.1487,-109.294;
454.5092,-77.99548;
458.0657,-46.51514;
459.828,-14.57792;
459.7682,16.69905;
457.914,48.2848;
454.2557,79.76038;
448.7938,111.0465;
441.5263,142.0766;
432.434,172.8293;
421.5717,203.056;
408.9025,232.8047;
394.4233,261.993;
378.148,290.5076;
360.081,318.2597;
340.2318,345.1514;
318.2029,371.5445;
295.2402,395.9465;
270.1362,419.6341;
243.3298,442.0284;
214.1667,463.4855;
184.7511,482.4588;
153.0764,500.2392;
119.893,516.2201;
85.27657,530.2648;
49.3187,542.2338;
11.59757,552.1069;
-26.19818,559.3875;
-65.49686,564.2933;
-105.912,566.5779;
-146.5559,566.0863;
-187.7638,562.7243;
-229.0741,556.4078;
-270.5369,546.9987;
-312.982,534.0118;
-352.4248,518.6804;
-392.2859,499.6913;
-431.0248,477.4745;
-468.333,452.0585;
-503.8695,423.5264;
-537.7318,391.5592;
-568.399,357.5275;
-596.7564,320.3909;
-622.1071,280.7848;
-644.2189,238.8866;
-662.7703,195.1329;
-677.5577,149.8928;
-688.4742,103.3249;
-695.3566,55.89729;
-698.1225,8.004715;
-696.7391,-39.95763;
-691.2227,-87.58532;
-681.6394,-134.4827;
-668.1029,-180.2672;
-650.7716,-224.5762;
-629.4833,-267.7328;
-605.5571,-307.4474;
-578.1711,-345.4334;
-547.9756,-380.7934;
-515.2612,-413.3451;
-480.2999,-442.9608;
-443.6313,-469.3583;
-405.3446,-492.6403;
-364.7746,-513.1895;
-325.3835,-529.5425;
-283.4499,-543.4167;
-242.9154,-553.6154;
-201.426,-560.9657;
-160.0971,-565.3011;
-118.7858,-566.7244;
-78.79365,-565.3514;
-38.83462,-561.2571;
-0.5405792,-554.7244;
37.04578,-545.7399;
73.67715,-534.4083;
108.5062,-521.1249;
142.1765,-505.7743;
174.4525,-488.5267;
205.0063,-469.6655;
234.0154,-449.1902;
261.3856,-427.2506;
287.0612,-403.9808;
311.0125,-379.4977;
333.2183,-353.9106;
353.6593,-327.328;
372.3218,-299.8518;
389.3173,-271.3623;
404.274,-242.6075;
417.5608,-213.0024;
429.0294,-182.9084;
438.7047,-152.3417;
446.7341,-120.6965;
452.6576,-90.07946;
456.8946,-58.79667;
459.3806,-26.61586;
459.9983,4.867358;
458.8502,35.99776;
455.8955,67.5152;
451.1363,98.8844;
444.5731,130.0201;
436.1855,160.9143;
426.0327,191.2929;
414.0574,221.2677;
400.2796,250.6937;
384.26,280.2459;
367.334,307.5419;
-300.7022,538.131;
-342.0804,523.0204;
-381.6671,505.1143;
-420.7361,483.7645;
-458.4538,459.2083;
-494.5008,431.5038;
-528.5582,400.7422;
-697.947,-16.08686;
-694.4835,-63.93388;
-686.9147,-111.2411;
-15.00907,-557.4978;
23.01727,-549.3985;
59.86295,-538.9897;
95.43414,-526.4086;
129.6538,-511.7851;
162.4022,-495.2721;
194.3654,-476.532;
223.2644,-457.0912;
251.2606,-435.6875;
277.9472,-412.5663;
302.2921,-388.7539;
325.2352,-363.4664;
346.1617,-337.4594;
365.5174,-310.2763;
383.0489,-282.3191;
398.8023,-253.6037;
412.758,-224.2424;
424.914,-194.319;
435.2708,-163.9069;
443.8159,-133.1244;
450.5599,-102.0161;
455.523,-70.48701;
458.6407,-39.08634;
459.9683,-7.546717;
459.4951,24.11548;
457.2222,55.63787;
453.0221,87.83503;
447.2604,118.3087;
439.5735,149.2617;
430.0811,179.8617;
418.7858,210.0222;
405.5217,240.0127;
390.7887,268.7054;
374.0933,297.0533;
355.6107,324.612;
335.3041,351.3426;
313.3178,376.9804;
253.7213,433.673;
221.703,458.2072;
191.974,478.0303;
160.6693,496.2116;
127.8364,512.6273;
92.89541,527.3926;
57.89736,539.6109;
20.46552,550.0245;
-17.08654,557.8654;
-56.45076,563.4005;
-96.10748,566.2784;
-136.9728,566.454;
-177.8804,563.7955;
-219.3047,558.1724;
-260.7919,549.494;
-302.0817,537.6832;
-342.9091,522.6813;
-382.9877,504.4547;
-422.0167,482.9975;
-459.6881,458.3323;
-495.6775,430.5208;
-529.6587,399.6623;
-561.3187,365.8845;
-590.338,329.3682;
-616.4215,290.3226;
-639.2908,248.9988;
-658.696,205.6793;
-674.468,160.5112;
-686.2629,114.3813;
-694.104,67.12395;
-698.1648,4.155537;
-696.3616,-44.88015;
-690.603,-91.37833;
-680.6985,-138.1978;
-666.8506,-183.8796;
-649.2242,-228.0529;
-628.0172,-270.3925;
-603.4714,-310.5852;
-575.8508,-348.3668;
-545.4345,-383.5166;
-512.5568,-415.8118;
-477.5107,-445.1254;
-440.6255,-471.3355;
-402.2228,-494.3651;
-362.6146,-514.1746;
-322.1165,-530.7505;
-280.4679,-544.272;
-239.5971,-554.3163;
-198.1142,-561.4218;
-156.8103,-565.5204;
-115.8162,-566.7155;
-75.60351,-565.1251;
-36.07795,-560.873;
2.664981,-554.0591;
39.99725,-544.9229;
76.29175,-533.4982;
111.2479,-519.9699;
144.8006,-504.4679;
176.8661,-487.1301;
207.3674,-468.0968;
236.2718,-447.4828;
263.4987,-425.4396;
289.0391,-402.0672;
312.8515,-377.4919;
335.2823,-351.3695;
355.2163,-325.1637;
373.7352,-297.622;
390.5829,-269.0789;
405.4014,-240.2644;
418.536,-210.6339;
429.8832,-180.4394;
439.3975,-149.8913;
447.122,-118.9414;
453.0414,-87.71429;
457.2118,-55.74028;
459.4686,-24.71622;
459.9435,9.188109;
458.6813,38.50725;
455.5819,70.02538;
450.6371,101.6025;
443.9711,132.4946;
435.4595,163.2944;
424.8368,194.5256;
413.0233,223.639;
399.1008,253.019;
383.3817,281.7514;
365.8676,309.7518;
346.5704,336.9192;
325.4992,363.1572;
302.6692,388.3621;
278.092,412.4329;
251.8187,435.2325;
223.796,456.7094;
194.255,476.6015;
163.0564,494.9156;
130.3385,511.4659;
95.3345,526.4474;
60.60367,538.7537;
23.76628,549.2125;
-14.20826,557.3541;
-53.2253,563.0481;
-93.09972,566.1539;
-133.6973,566.5439;
-174.8887,564.0867;
-216.2166,558.695;
-257.6987,550.2491;
-299.0211,538.6716;
-339.8835,523.9123;
-380.2529,505.8159;
-419.881,484.2742;
-456.9344,460.2801;
-493.0565,432.7034;
-527.4697,401.8046;
-559.0429,368.5028;
-588.3313,332.1008;
-614.5849,293.3149;
-637.7053,252.1468;
-657.3724,208.9746;
-673.3712,164.1021;
-685.6952,117.045;
-693.6594,70.67595;
-697.7079,22.88581;
-697.5923,-25.5324;
-693.3727,-72.87302;
-685.0035,-120.2071;
-672.7156,-166.2081;
-656.5428,-211.0097;
-636.7087,-254.1003;
-613.4374,-295.1635;
-586.6986,-334.2991;
-557.6268,-370.1159;
-525.669,-403.5497;
-491.3737,-434.0909;
-455.2186,-461.4816;
-417.3701,-485.7594;
-378.1979,-506.8271;
-337.2112,-524.9833;
-297.1105,-539.2792;
-213.9912,-559.0613;
-172.5823,-564.3007;
-131.5005,-566.5941;
-90.94519,-566.0553;
-51.10472,-562.8066;
-12.14769,-556.9789;
25.77637,-548.708;
62.53606,-538.1328;
98.02083,-525.3919;
132.3945,-510.5008;
164.7655,-493.9787;
195.8737,-475.5786;
225.3892,-455.5599;
253.2626,-434.0502;
279.4537,-411.1729;
303.9304,-387.0462;
326.6671,-361.7835;
347.6462,-335.4904;
366.8484,-308.2763;
384.265,-280.2374;
399.8884,-251.4684;
413.7406,-221.9972;
425.738,-192.0953;
435.9578,-161.6651;
444.3734,-130.8465;
451.0933,-99.12131;
455.7922,-68.35226;
458.7954,-36.83103;
459.9951,-5.221071;
459.3803,26.62188;
456.9693,58.09127;
452.7674,89.40921;
446.7558,120.5989;
438.7429,152.2076;
429.3107,182.099;
417.8826,212.2241;
404.3727,242.4034;
389.6204,270.8177;
372.5332,299.5198;
352.7848,328.5342;
333.7863,353.2143;
311.1323,379.3676;
287.7237,403.3418;
262.0952,426.6444;
234.7731,448.6188;
205.7947,469.1436;
175.2061,488.0923;
143.0598,505.3364;
109.415,520.7439;
74.1283,534.2523;
38.03619,545.4676;
0.482525,554.5141;
-38.14939,561.1629;
-77.71613,565.2769;
-118.0555,566.7236;
-158.9857,565.3773;
-200.3094,561.1216;
-241.7953,553.8542;
-283.2057,543.4873;
-324.2796,529.9532;
-364.7422,513.2043;
-404.2901,493.2257;
-442.6246,470.0234;
-479.4203,443.6463;
-514.3598,414.1708;
-547.1208,381.7134;
-577.3898,346.4256;
-604.8542,308.5099;
-629.2292,268.1963;
-650.2497,225.7559;
-667.6823,181.4894;
-681.5612,134.7957;
-691.0162,88.86801;
-696.6437,41.2576;
-698.1399,-6.698284;
-695.4866,-54.59801;
-688.7159,-102.041;
-677.9044,-148.6502;
-663.1926,-194.0026;
-644.7388,-237.7888;
-622.3159,-280.426;
-597.4905,-319.3401;
-569.1982,-356.5635;
-538.2073,-391.0717;
-504.817,-422.7;
-469.3232,-451.3242;
-432.0627,-476.8235;
-393.361,-499.127;
-353.5287,-518.2034;
-312.8606,-534.054;
-271.647,-546.7031;
-230.213,-556.191;
-188.7456,-562.6088;
-147.5135,-566.041;
-106.7288,-566.5956;
-66.58764,-564.3914;
-27.26632,-559.5563;
11.09927,-552.2196;
48.3119,-542.5323;
84.30531,-530.6223;
118.9618,-516.632;
152.1839,-500.7033;
183.9026,-482.9696;
214.0469,-463.568;
242.5858,-442.6117;
269.4231,-420.2664;
294.573,-396.614;
318.0447,-371.7228;
339.6633,-345.8748;
359.5601,-319.0096;
377.6771,-291.2782;
394.3144,-262.1973;
408.7014,-233.2409;
421.259,-203.8517;
432.2585,-173.3648;
441.3038,-142.915;
448.6206,-111.8914;
454.1304,-80.61829;
457.8383,-49.1433;
459.7414,-17.56489;
459.8414,14.06112;
458.1378,45.65113;
454.6296,77.14236;
449.3188,108.4434;
442.2016,139.4999;
433.2825,170.2144;
422.5571,200.5251;
410.0299,230.3404;
395.4734,260.0123;
379.3552,288.5195;
361.4948,316.2116;
341.7888,343.1579;
320.4824,368.9595;
297.2567,393.9155;
272.2947,417.7068;
245.6291,440.2135;
217.2852,461.323;
187.3217,480.8993;
155.2073,499.1234;
122.7155,514.9598;
87.76808,529.3387;
52.36367,541.3192;
15.04392,551.3148;
-23.17684,558.899;
-62.19979,563.9841;
-102.2676,566.4856;
-142.9725,566.2419;
-184.1653,563.1339;
-227.1475,556.7692;
-268.9901,547.4066;
-309.8416,535.0939;
-350.5499,519.4843;
-390.5674,500.5876;
-429.6515,478.3311;
-466.6277,453.3155;
-502.2592,424.9223;
-535.8293,393.4981;
-567.0112,359.1913;
-595.5013,322.1756;
-621.4724,28